period_days,age_cohort,vax_dose,metric,vax_increase,novax_increase,diff,p_value,vax_before,vax_after,novax_before,novax_after,vax_vs_novax_ratio
30,between_12_and_30,1,predpisy,94.85094850948511,82.96795952782462,11.882988981660489,0.08995858963358232,369.0,350.0,593.0,492.0,1.14322383061229
30,between_12_and_30,1,prvopredpisy,104.62962962962963,91.35802469135803,13.271604938271608,0.24761983383086175,108.0,113.0,162.0,148.0,1.1452702702702704
30,between_12_and_30,1,kortikoidy,106.95044146404094,68.75250179647072,38.19793966757021,0.0,63283.75,67682.25,129594.375,89099.375,1.5555861775131945
30,between_12_and_30,1,imunosupresivy,92.5531914893617,85.56149732620321,6.991694163158485,0.3683119584503672,94.0,87.0,187.0,160.0,1.0817154255319148
30,between_12_and_30,2,predpisy,112.06349206349206,118.65168539325843,-6.588193329766369,0.731578413361325,315.0,353.0,445.0,528.0,0.944474506974507
30,between_12_and_30,2,prvopredpisy,93.57798165137615,103.7593984962406,-10.181416844864458,0.7434557083732419,109.0,102.0,133.0,138.0,0.9018747506980455
30,between_12_and_30,2,kortikoidy,128.03963965646875,126.37094288627043,1.6686967701983235,0.04010176896757077,53532.25,68542.5,79085.625,99941.25,1.0132047504915755
30,between_12_and_30,2,imunosupresivy,96.62921348314607,131.91489361702128,-35.2856801338752,0.9600555390593487,89.0,86.0,141.0,186.0,0.7325117796303009
30,between_12_and_30,3,predpisy,103.08641975308642,95.95588235294117,7.1305374001452435,0.3067041841881666,162.0,167.0,544.0,522.0,1.0743105813348468
30,between_12_and_30,3,prvopredpisy,133.33333333333331,98.34710743801654,34.98622589531678,0.16418322603934624,30.0,40.0,121.0,119.0,1.3557422969187674
30,between_12_and_30,3,kortikoidy,102.53751204515211,110.10571105644571,-7.568199011293601,0.999999999999963,27241.25,27932.5,103406.875,113856.875,0.9312642465256524
30,between_12_and_30,3,imunosupresivy,76.47058823529412,91.0891089108911,-14.618520675596983,0.8253522510432516,68.0,52.0,202.0,184.0,0.8395140664961636
60,between_12_and_30,1,predpisy,104.69416785206258,89.68692449355433,15.007243358508248,0.013337195094007883,703.0,736.0,1086.0,974.0,1.167329222662628
60,between_12_and_30,1,prvopredpisy,106.94444444444444,97.1731448763251,9.771299568119346,0.24477766003530899,216.0,231.0,283.0,275.0,1.1005555555555555
60,between_12_and_30,1,kortikoidy,106.77711698998434,79.20150722346591,27.575609766518426,0.0,136411.25,145656.0,230888.125,182866.875,1.348170265102585
60,between_12_and_30,1,imunosupresivy,100.5813953488372,93.22033898305084,7.361056365786368,0.3052299053542343,172.0,173.0,354.0,330.0,1.0789640591966174
60,between_12_and_30,2,predpisy,104.13694721825964,105.72519083969465,-1.5882436214350122,0.6010443069942715,701.0,730.0,1048.0,1108.0,0.9849776235084486
60,between_12_and_30,2,prvopredpisy,95.08928571428571,94.4078947368421,0.6813909774436127,0.5024147557428953,224.0,213.0,304.0,287.0,1.0072175211548033
60,between_12_and_30,2,kortikoidy,115.96194104049637,103.18586338645046,12.776077654045906,6.925376112863142e-122,119183.5,138207.5,214620.0,221457.5,1.1238161627450565
60,between_12_and_30,2,imunosupresivy,97.89473684210527,111.37724550898203,-13.482508666876754,0.8586013629304264,190.0,186.0,334.0,372.0,0.8789473684210527
60,between_12_and_30,3,predpisy,112.03703703703705,106.33027522935781,5.706761807679243,0.2894386177340134,324.0,363.0,1090.0,1159.0,1.0536701498737737
60,between_12_and_30,3,prvopredpisy,117.8082191780822,101.5625,16.245719178082197,0.23417737493046203,73.0,86.0,256.0,260.0,1.1599578503688093
60,between_12_and_30,3,kortikoidy,118.94399319897614,102.66184769157812,16.282145507398027,6.671548913062316e-107,50727.65625,60337.5,222730.625,228659.375,1.1585997707377493
60,between_12_and_30,3,imunosupresivy,94.11764705882352,102.39234449760765,-8.27469743878413,0.7394326562254832,119.0,112.0,418.0,428.0,0.9191863661352391
90,between_12_and_30,1,predpisy,110.54726368159204,102.23684210526316,8.310421576328878,0.08783915143207342,1005.0,1111.0,1520.0,1554.0,1.081285976808365
90,between_12_and_30,1,prvopredpisy,112.95681063122925,114.20911528150135,-1.2523046502721087,0.5623786264718933,301.0,340.0,373.0,426.0,0.989034985104425
90,between_12_and_30,1,kortikoidy,117.564600897843,93.24472458207728,24.31987631576571,0.0,182660.0,214743.5,323848.75,301971.875,1.260817718372459
90,between_12_and_30,1,imunosupresivy,102.734375,98.8394584139265,3.8949165860735064,0.3801854733996615,256.0,263.0,517.0,511.0,1.0394064946183954
90,between_12_and_30,2,predpisy,100.93023255813954,103.989703989704,-3.059471431564461,0.7132952447949306,1075.0,1085.0,1554.0,1616.0,0.9705790927930001
90,between_12_and_30,2,prvopredpisy,96.16519174041298,94.08983451536643,2.0753572250465453,0.437669335887844,339.0,326.0,423.0,398.0,1.0220571885978564
90,between_12_and_30,2,kortikoidy,103.08097569172452,105.38405905925686,-2.303083367532338,0.9999999851678152,202338.5,208572.5,316292.5,333321.875,0.9781458088814237
90,between_12_and_30,2,imunosupresivy,100.71942446043165,107.6923076923077,-6.97288323187604,0.7553761839121821,278.0,280.0,507.0,546.0,0.935251798561151
90,between_12_and_30,3,predpisy,107.2936660268714,111.48055207026349,-4.186886043392079,0.7197697610661389,521.0,559.0,1594.0,1777.0,0.9624429017829658
90,between_12_and_30,3,prvopredpisy,103.93700787401573,101.0230179028133,2.91398997120244,0.44960909937992644,127.0,132.0,391.0,395.0,1.028844812120004
90,between_12_and_30,3,kortikoidy,105.34483239833654,105.16420104376287,0.18063135457366286,0.3697245732947686,95170.78125,100257.5,337600.625,355035.0,1.001717612579004
90,between_12_and_30,3,imunosupresivy,96.51162790697676,114.55805892547662,-18.04643101849986,0.9275266777455838,172.0,166.0,577.0,661.0,0.8424691271153643
180,between_12_and_30,1,predpisy,111.75869120654396,107.35647988999656,4.402211316547394,0.16493096706531113,1956.0,2186.0,2909.0,3123.0,1.0410055482543592
180,between_12_and_30,1,prvopredpisy,116.01362862010221,113.2867132867133,2.7269153333889165,0.39203778502531283,587.0,681.0,715.0,810.0,1.024070919300902
180,between_12_and_30,1,kortikoidy,110.65859367337487,99.94254975172254,10.716043921652329,1.7341342834853668e-283,384889.25,425913.03125,649475.0,649101.875,1.107222038543875
180,between_12_and_30,1,imunosupresivy,107.09939148073022,108.00405268490374,-0.9046612041735216,0.5589174303942227,493.0,528.0,987.0,1066.0,0.9916238216836842
180,between_12_and_30,2,predpisy,107.74038461538463,110.57494866529774,-2.834564049913112,0.749680168824342,2080.0,2241.0,2922.0,3231.0,0.9743652239125777
180,between_12_and_30,2,prvopredpisy,111.32686084142395,107.9343365253078,3.392524316116152,0.3550039981142545,618.0,688.0,731.0,789.0,1.0314313723077428
180,between_12_and_30,2,kortikoidy,107.8482050743484,107.05484809860188,0.7933569757465193,0.004194249707575711,404682.5,436442.8125,629602.5,674020.0,1.007410752430528
180,between_12_and_30,2,imunosupresivy,110.2189781021898,114.08308004052685,-3.8641019383370576,0.6937651420724918,548.0,604.0,987.0,1126.0,0.9661290531692834
180,between_12_and_30,3,predpisy,108.29268292682927,111.92343897081895,-3.6307560439896776,0.7544133065835531,1025.0,1110.0,3187.0,3567.0,0.9675603602125172
180,between_12_and_30,3,prvopredpisy,113.25301204819279,109.26395939086295,3.989052657329836,0.3789040826029008,249.0,282.0,788.0,861.0,1.0365084029497782
180,between_12_and_30,3,kortikoidy,106.51661694161444,107.90271290443425,-1.3860959628198088,0.9997818452937257,182828.28125,194742.5,659003.125,711082.25,0.9871542065485654
180,between_12_and_30,3,imunosupresivy,94.57142857142857,117.65232974910393,-23.080901177675358,0.9947657520680736,350.0,331.0,1116.0,1313.0,0.8038211293656838
365,between_12_and_30,1,predpisy,126.4728582454335,120.07825004446025,6.394608200973252,0.03316732366836302,3887.0,4916.0,5623.0,6752.0,1.0532536758206053
365,between_12_and_30,1,prvopredpisy,124.00662251655629,111.90476190476191,12.101860611794379,0.027404109406816774,1208.0,1498.0,1470.0,1645.0,1.1081442863181625
365,between_12_and_30,1,kortikoidy,135.97186300576075,115.5478625509831,20.424000454777655,0.0,726854.46875,988317.5625,1184192.71875,1368309.375,1.1767579252776394
365,between_12_and_30,1,imunosupresivy,124.81598317560463,130.87357569180685,-6.05759251620222,0.8197324191910328,951.0,1187.0,1843.0,2412.0,0.9537141666361497
365,between_12_and_30,2,predpisy,128.81742213218536,122.57086824745944,6.2465538847259126,0.03806965271019677,3949.0,5087.0,5609.0,6875.0,1.0509627938028039
365,between_12_and_30,2,prvopredpisy,128.76254180602007,114.21768707482994,14.544854731190128,0.012051146537020283,1196.0,1540.0,1470.0,1679.0,1.1273432784684305
365,between_12_and_30,2,kortikoidy,133.03487618165292,119.48105417143601,13.553822010216905,0.0,756117.75,1005900.3125,1165863.5,1392986.0,1.1134390896046946
365,between_12_and_30,2,imunosupresivy,129.696394686907,133.6021505376344,-3.905755850727388,0.7275555768489942,1054.0,1367.0,1860.0,2485.0,0.9707657710971712
365,between_12_and_30,3,predpisy,112.57922964407605,116.40826873385012,-3.8290390897740707,0.835152280616128,2051.0,2309.0,6192.0,7208.0,0.9671068118148154
365,between_12_and_30,3,prvopredpisy,108.23529411764706,114.32274789371355,-6.087453776066496,0.7911162871667363,510.0,552.0,1543.0,1764.0,0.946752034146992
365,between_12_and_30,3,kortikoidy,108.51742226599332,105.39029237928372,3.1271298867095965,2.5634587136612972e-31,392636.03125,426078.5,1316633.125,1387603.5,1.0296718968712557
365,between_12_and_30,3,imunosupresivy,106.04719764011799,126.97740112994352,-20.93020348982553,0.998592482000809,678.0,719.0,2124.0,2697.0,0.8351659168988157
30,between_30_and_50,1,predpisy,88.66559485530546,98.66747425802544,-10.001879402719979,0.991093422983401,2488.0,2206.0,1651.0,1629.0,0.8986304303628565
30,between_30_and_50,1,prvopredpisy,94.10187667560321,101.99335548172756,-7.891478806124354,0.7843151559575287,373.0,351.0,301.0,307.0,0.922627520500214
30,between_30_and_50,1,kortikoidy,104.40860635845341,103.6707732394688,0.7378331189846108,0.025991758535915198,321015.5625,335167.875,273443.75,283481.25,1.007117079345789
30,between_30_and_50,1,imunosupresivy,77.01317715959004,104.55764075067025,-27.544463591080202,0.9995877622761744,683.0,526.0,373.0,390.0,0.7365619251417201
30,between_30_and_50,2,predpisy,95.1604938271605,81.74698795180723,13.413505875353266,0.0009345502794830329,2025.0,1927.0,1660.0,1357.0,1.1640856282467682
30,between_30_and_50,2,prvopredpisy,97.41100323624595,82.6923076923077,14.718695543938253,0.08934381058774632,309.0,301.0,312.0,258.0,1.1779935275080906
30,between_30_and_50,2,kortikoidy,84.2626298109645,73.7374222576004,10.525207553364098,6.255763617285981e-240,284668.75,239869.375,273238.125,201478.75,1.1427390222103841
30,between_30_and_50,2,imunosupresivy,117.18426501035198,85.54216867469879,31.642096335653193,0.0005503635201611839,483.0,566.0,415.0,355.0,1.3699005627970724
30,between_30_and_50,3,predpisy,108.43023255813952,112.29909154437456,-3.8688589862350398,0.7575794054218721,1376.0,1492.0,1431.0,1607.0,0.9655486172414292
30,between_30_and_50,3,prvopredpisy,119.17098445595855,99.23664122137404,19.934343234584503,0.09154854493614596,193.0,230.0,262.0,260.0,1.2008768433638901
30,between_30_and_50,3,kortikoidy,129.84910172139362,94.58438099369032,35.264720727703306,0.0,169630.0,220263.03125,276658.125,261675.375,1.3728387325393163
30,between_30_and_50,3,imunosupresivy,102.65957446808511,112.29946524064172,-9.639890772556612,0.8250905254415252,376.0,386.0,374.0,420.0,0.9141590678824721
60,between_30_and_50,1,predpisy,88.0411937788987,95.78913532626166,-7.747941547362956,0.9946591521741612,4758.0,4189.0,3111.0,2980.0,0.9191146102219927
60,between_30_and_50,1,prvopredpisy,88.20301783264746,97.43589743589743,-9.23287960324997,0.9006765358543279,729.0,643.0,585.0,570.0,0.9052414988087503
60,between_30_and_50,1,kortikoidy,91.6092933800898,90.26785885629847,1.341434523791321,1.4652848887894239e-8,649411.1875,594921.0,547144.5,493895.625,1.0148605997836595
60,between_30_and_50,1,imunosupresivy,89.23841059602648,103.63636363636364,-14.397953040337157,0.9881814086629005,1208.0,1078.0,715.0,741.0,0.8610723829441151
60,between_30_and_50,2,predpisy,91.61985018726591,87.47286821705427,4.146981970211641,0.08906648150878242,4272.0,3914.0,3225.0,2821.0,1.0474087800564784
60,between_30_and_50,2,prvopredpisy,92.65367316341829,90.15025041736226,2.5034227460560317,0.38384488907641445,667.0,618.0,599.0,540.0,1.027769448609029
60,between_30_and_50,2,kortikoidy,90.40170428444267,80.782029338449,9.61967494599368,0.0,569652.5625,514975.625,544081.25,439519.875,1.1190818678952783
60,between_30_and_50,2,imunosupresivy,100.1826484018265,92.89405684754522,7.2885915542812825,0.13750733361247525,1095.0,1097.0,774.0,719.0,1.0784613332825272
60,between_30_and_50,3,predpisy,109.21332388377039,104.2027590632018,5.0105648205685895,0.10013762963846103,2822.0,3082.0,3117.0,3248.0,1.0480847615323654
60,between_30_and_50,3,prvopredpisy,110.51344743276283,88.96321070234113,21.5502367304217,0.00937594503264756,409.0,452.0,598.0,532.0,1.2422376233983492
60,between_30_and_50,3,kortikoidy,129.55908459427695,88.10713791271749,41.45194668155946,0.0,362063.5,469086.15625,636539.375,560836.625,1.4704720600801202
60,between_30_and_50,3,imunosupresivy,105.29801324503312,111.87845303867402,-6.580439793640906,0.8097153451154839,755.0,795.0,724.0,810.0,0.9411822418444936
90,between_30_and_50,1,predpisy,88.02767189044191,93.16345556246115,-5.135783672019244,0.982597447255076,7083.0,6235.0,4827.0,4497.0,0.9448734094177521
90,between_30_and_50,1,prvopredpisy,86.07367475292004,92.84928492849285,-6.775610175572808,0.8845437520491763,1113.0,958.0,909.0,844.0,0.9270257150521838
90,between_30_and_50,1,kortikoidy,88.22172929496276,87.31456753933983,0.9071617556229228,8.842135837208124e-7,1003162.4375,885007.25,841251.375,734535.0,1.0103895808132384
90,between_30_and_50,1,imunosupresivy,93.82504288164665,104.04040404040404,-10.21536115875739,0.9725776344130599,1749.0,1641.0,1089.0,1133.0,0.9018135189595164
90,between_30_and_50,2,predpisy,94.29587262328026,93.53402586389655,0.7618467593837153,0.3893446628168383,6469.0,6100.0,4717.0,4412.0,1.0081451295648527
90,between_30_and_50,2,prvopredpisy,97.2139303482587,93.27354260089686,3.9403877473618394,0.2759144110840632,1005.0,977.0,892.0,832.0,1.0422455032529658
90,between_30_and_50,2,kortikoidy,93.24763737892306,85.74693195621549,7.5007054227075685,1.0472361052014097e-306,879935.0625,820518.65625,811622.625,695941.5,1.0874749131145314
90,between_30_and_50,2,imunosupresivy,102.95226130653265,97.67025089605734,5.2820104104753085,0.17727250818926366,1592.0,1639.0,1116.0,1090.0,1.0540800331934903
90,between_30_and_50,3,predpisy,107.77296558012308,105.90382138256761,1.869144197555471,0.27993044867428324,4387.0,4728.0,4658.0,4933.0,1.0176494499740794
90,between_30_and_50,3,prvopredpisy,99.06976744186046,97.57225433526011,1.4975131066003513,0.43278960818270845,645.0,639.0,865.0,844.0,1.015347735038025
90,between_30_and_50,3,kortikoidy,127.61057709884626,97.3025154166721,30.30806168217417,0.0,570978.875,728629.4375,902067.25,877734.125,1.311482817811934
90,between_30_and_50,3,imunosupresivy,101.18343195266273,108.22784810126582,-7.044416148603091,0.8810232699919534,1183.0,1197.0,1106.0,1197.0,0.9349112426035504
180,between_30_and_50,1,predpisy,97.11609381914737,100.74390110491194,-3.6278072857645753,0.972710480008234,13558.0,13167.0,9141.0,9209.0,0.9639898073632599
180,between_30_and_50,1,prvopredpisy,92.46049661399547,102.06185567010309,-9.601359056107611,0.9845712210685171,2215.0,2048.0,1649.0,1683.0,0.9059260779351073
180,between_30_and_50,1,kortikoidy,94.42457787704096,95.11829808930652,-0.6937202122655606,0.9999991810500409,1974073.0625,1864010.15625,1590600.5,1512952.125,0.9927067638277735
180,between_30_and_50,1,imunosupresivy,101.16993272886809,106.60772452303398,-5.437791794165889,0.915998988646834,3419.0,3459.0,2149.0,2291.0,0.9489925160817876
180,between_30_and_50,2,predpisy,96.83257918552036,95.36796086187155,1.464618323648807,0.21662124582107048,13039.0,12626.0,9607.0,9162.0,1.015357551009926
180,between_30_and_50,2,prvopredpisy,92.61682242990655,95.55680539932509,-2.939982969418537,0.7584436777102321,2140.0,1982.0,1778.0,1699.0,0.9692331387897224
180,between_30_and_50,2,kortikoidy,93.15950207987444,96.65932852906731,-3.4998264491928666,1.0,1848383.8125,1721945.15625,1655108.875,1599817.125,0.9637921501995496
180,between_30_and_50,2,imunosupresivy,106.0844892812106,100.04444444444445,6.040044836766143,0.06762628092650103,3172.0,3365.0,2250.0,2251.0,1.0603736156495949
180,between_30_and_50,3,predpisy,113.51065081793574,104.98597021368442,8.524680604251316,0.00008992070759898276,8497.0,9645.0,9266.0,9728.0,1.0811982837983065
180,between_30_and_50,3,prvopredpisy,107.98122065727699,94.68147282291058,13.299747834366414,0.006208352699539299,1278.0,1380.0,1711.0,1620.0,1.1404683243493885
180,between_30_and_50,3,kortikoidy,131.70377472037666,104.06773969565599,27.63603502472067,0.0,1140381.65625,1501925.6875,1625989.0,1692130.0,1.2655581365132142
180,between_30_and_50,3,imunosupresivy,105.9445178335535,106.64010624169987,-0.6955884081463637,0.5709438662614281,2271.0,2406.0,2259.0,2409.0,0.993477234479026
365,between_30_and_50,1,predpisy,106.78378583922732,108.14435919295254,-1.360573353725215,0.8270629932573597,26298.0,28082.0,17595.0,19028.0,0.9874189151992878
365,between_30_and_50,1,prvopredpisy,94.62632648453375,105.50231839258115,-10.875991908047396,0.999593593253318,4429.0,4191.0,3235.0,3413.0,0.8969122946893251
365,between_30_and_50,1,kortikoidy,108.40437761458905,112.51505550666046,-4.110677892071408,1.0,3746285.14375,4061137.09375,2950708.671875,3319991.5,0.9634655302478337
365,between_30_and_50,1,imunosupresivy,107.79775943396226,111.49425287356323,-3.696493439600971,0.8951540529633044,6784.0,7313.0,4176.0,4656.0,0.9668458835829604
365,between_30_and_50,2,predpisy,109.16036641465658,108.36583573568481,0.7945306789717677,0.2981226518929404,24999.0,27289.0,17691.0,19171.0,1.0073319296028844
365,between_30_and_50,2,prvopredpisy,98.30228719641593,102.93040293040292,-4.628115733986988,0.9219055938468635,4241.0,4169.0,3276.0,3372.0,0.9550364556804823
365,between_30_and_50,2,kortikoidy,108.68710633861862,111.32576247300948,-2.6386561343908568,1.0,3556159.4875,3865086.84375,2998526.734375,3338132.75,0.9762978840137693
365,between_30_and_50,2,imunosupresivy,112.05279058673877,111.87203791469193,0.18075267204683598,0.4819254257899599,6289.0,7047.0,4220.0,4721.0,1.0016157091210285
365,between_30_and_50,3,predpisy,109.82061243144423,101.52550452884157,8.295107902602666,4.200002055916595e-8,17504.0,19223.0,18879.0,19167.0,1.0817046705761129
365,between_30_and_50,3,prvopredpisy,100.92729970326408,90.3988603988604,10.528439304403676,0.0013793309683405187,2696.0,2721.0,3510.0,3173.0,1.11646650475404
365,between_30_and_50,3,kortikoidy,113.8623376098348,95.8812020755588,17.981135534275992,0.0,2496771.71875,2842882.64375,3282152.25,3146967.03125,1.187535566357481
365,between_30_and_50,3,imunosupresivy,111.64613661814109,108.6195435408819,3.0265930772591787,0.1767018574302897,4465.0,4985.0,4513.0,4902.0,1.027864166784314
30,between_50_and_70,1,predpisy,98.2694454782285,111.54336734693877,-13.27392186871026,0.999322381884772,5374.0,5281.0,1568.0,1749.0,0.8809976587184809
30,between_50_and_70,1,prvopredpisy,107.53138075313808,78.0952380952381,29.43614265789998,0.00513482005077625,478.0,514.0,210.0,164.0,1.3769262169609144
30,between_50_and_70,1,kortikoidy,97.09254537836462,109.5770322724406,-12.484486894075985,1.0,639029.75,620450.25,251313.5,275381.875,0.8860665722079798
30,between_50_and_70,1,imunosupresivy,96.20535714285714,123.30508474576271,-27.099727602905574,0.9944962464038807,896.0,862.0,236.0,291.0,0.7802221404025527
30,between_50_and_70,2,predpisy,87.71589365418203,96.13650998068255,-8.420616326500522,0.9869601874661952,5153.0,4520.0,1553.0,1493.0,0.9124097980237421
30,between_50_and_70,2,prvopredpisy,86.66666666666667,94.44444444444444,-7.7777777777777715,0.7638884228312961,465.0,403.0,162.0,153.0,0.9176470588235295
30,between_50_and_70,2,kortikoidy,99.36756462858494,87.52972890150443,11.837835727080517,6.12777567710982e-286,582109.875,578428.40625,240664.375,210652.875,1.1352436009530134
30,between_50_and_70,2,imunosupresivy,91.05882352941177,103.90625,-12.847426470588232,0.9133565845368878,850.0,774.0,256.0,266.0,0.8763555948695269
30,between_50_and_70,3,predpisy,92.48044410799899,76.03305785123968,16.447386256759316,2.0954945192152944e-6,3963.0,3665.0,1815.0,1380.0,1.2163188844638997
30,between_50_and_70,3,prvopredpisy,101.36054421768708,68.57142857142857,32.78911564625851,0.00153097176571469,294.0,298.0,245.0,168.0,1.4781746031746033
30,between_50_and_70,3,kortikoidy,92.51023516439585,66.79805045219564,25.712184712200212,0.0,484634.375,448336.4,364969.25,243792.34375,1.3849241787468225
30,between_50_and_70,3,imunosupresivy,87.35632183908046,88.14814814814815,-0.7918263090676874,0.555505955047635,783.0,684.0,270.0,238.0,0.9910170964937699
60,between_50_and_70,1,predpisy,97.23809523809524,102.8864656831302,-5.648370445034956,0.9761227687783236,10500.0,10210.0,3118.0,3208.0,0.9451009381308634
60,between_50_and_70,1,prvopredpisy,98.73417721518987,77.54137115839244,21.192806056797437,0.0030208963423037733,948.0,936.0,423.0,328.0,1.2733096634763816
60,between_50_and_70,1,kortikoidy,97.51665838273385,93.49089231514911,4.02576606758474,5.179458052150903e-71,1269903.0625,1238367.03125,513728.25,480289.125,1.0430605160341635
60,between_50_and_70,1,imunosupresivy,96.89298043728424,118.66666666666667,-21.773686229382434,0.9976999300585883,1738.0,1684.0,450.0,534.0,0.8165138800894739
60,between_50_and_70,2,predpisy,86.82334810248507,86.2453531598513,0.5779949426337652,0.41657355407796826,10382.0,9014.0,3228.0,2784.0,1.006701751705538
60,between_50_and_70,2,prvopredpisy,88.80434782608695,82.95454545454545,5.8498023715415,0.24530417380632388,920.0,817.0,352.0,292.0,1.0705181655747469
60,between_50_and_70,2,kortikoidy,92.1912098141465,82.73954617951644,9.451663634630066,0.0,1218210.875,1123083.34375,500803.75,414362.75,1.1142339313068408
60,between_50_and_70,2,imunosupresivy,90.04499437570304,96.57794676806084,-6.5329523923577995,0.8462825108861048,1778.0,1601.0,526.0,508.0,0.9323556504255865
60,between_50_and_70,3,predpisy,95.84504460466822,91.9500145306597,3.895030074008517,0.08028125046516228,8183.0,7843.0,3441.0,3164.0,1.0423602986240939
60,between_50_and_70,3,prvopredpisy,101.86915887850468,88.12351543942994,13.74564343907474,0.059334187539855796,642.0,654.0,421.0,371.0,1.1559815603194195
60,between_50_and_70,3,kortikoidy,95.44692914454797,87.09422159063641,8.352707553911557,0.0,1012823.4375,966708.86875,617317.375,537647.7625,1.0959042678304338
60,between_50_and_70,3,imunosupresivy,93.06545690213869,85.15358361774744,7.911873284391248,0.11228743745344509,1543.0,1436.0,586.0,499.0,1.092912980854775
90,between_50_and_70,1,predpisy,94.16243654822335,95.75281376088341,-1.5903772126600586,0.7631754788455204,15760.0,14840.0,4709.0,4509.0,0.9833908044036012
90,between_50_and_70,1,prvopredpisy,91.56146179401993,73.87096774193549,17.690494052084446,0.0015799233185308443,1505.0,1378.0,620.0,458.0,1.2394783037618418
90,between_50_and_70,1,kortikoidy,90.65818170338062,85.67926732838731,4.978914374993309,2.267374357067224e-185,2014945.8625,1826713.28125,788361.375,675462.25,1.0581110755290468
90,between_50_and_70,1,imunosupresivy,96.21704241497898,112.1082621082621,-15.89121969328312,0.9956597161766828,2617.0,2518.0,702.0,787.0,0.8582511280217948
90,between_50_and_70,2,predpisy,90.83686095734288,86.13471502590674,4.702145931436135,0.014382240976357579,15355.0,13948.0,4825.0,4156.0,1.0545906018267068
90,between_50_and_70,2,prvopredpisy,92.84149013878744,76.00700525394045,16.834484884846987,0.0040528348850287855,1369.0,1271.0,571.0,434.0,1.221485964729208
90,between_50_and_70,2,kortikoidy,95.46254006512426,79.11750830448526,16.345031760639003,0.0,1825874.9375,1743026.59375,771571.0,610447.75,1.206591841817551
90,between_50_and_70,2,imunosupresivy,97.64296754250387,103.76850605652758,-6.125538514023717,0.8574640379027408,2588.0,2527.0,743.0,771.0,0.940969194346049
90,between_50_and_70,3,predpisy,99.72135715456483,101.42074284554496,-1.6993856909801366,0.7646715788903643,12202.0,12168.0,4927.0,4997.0,0.9832441999210344
90,between_50_and_70,3,prvopredpisy,104.20609884332282,97.27891156462584,6.927187278696977,0.18681788794995874,951.0,991.0,588.0,572.0,1.0712095475502414
90,between_50_and_70,3,kortikoidy,98.69998342233372,93.17313672681067,5.526846695523048,5.500061128149518e-196,1526526.6875,1506681.5875,860085.0625,801368.23125,1.05931802759553
90,between_50_and_70,3,imunosupresivy,98.3899042645779,95.08982035928145,3.3000839052964466,0.2870913739844984,2298.0,2261.0,835.0,794.0,1.0347049126060774
180,between_50_and_70,1,predpisy,100.67364770226106,102.92504570383912,-2.2513980015780533,0.9037840982058878,29986.0,30188.0,8752.0,9008.0,0.9781258489011866
180,between_50_and_70,1,prvopredpisy,95.09160041479433,87.82771535580525,7.263885058989075,0.06675668064679405,2893.0,2751.0,1068.0,938.0,1.082706068688703
180,between_50_and_70,1,kortikoidy,95.61311339465146,96.8113361788311,-1.1982227841796345,1.0,3985347.9125,3810515.21875,1414105.25,1369014.1875,0.9876231149008597
180,between_50_and_70,1,imunosupresivy,103.7911869789599,115.56671449067433,-11.77552751171443,0.9954418143452319,5038.0,5229.0,1394.0,1611.0,0.8981062361804475
180,between_50_and_70,2,predpisy,98.33828289232207,101.3287565053704,-2.990473613048323,0.9621213732940509,29969.0,29471.0,9031.0,9151.0,0.9704874142722769
180,between_50_and_70,2,prvopredpisy,89.88095238095238,94.56221198156682,-4.681259600614439,0.8448544953452055,2856.0,2567.0,1085.0,1026.0,0.9504954515919428
180,between_50_and_70,2,kortikoidy,98.23272878339559,102.56538659769791,-4.332657814302323,1.0,3813814.73125,3746414.28125,1448385.5,1485542.1875,0.9577571151630644
180,between_50_and_70,2,imunosupresivy,102.34760307753008,114.94661921708185,-12.599016139551765,0.9976055243502618,5069.0,5188.0,1405.0,1615.0,0.8903924602100914
180,between_50_and_70,3,predpisy,109.26305015353121,112.25231175693526,-2.989261603404046,0.944536902104886,23448.0,25620.0,9084.0,10197.0,0.9733701555307224
180,between_50_and_70,3,prvopredpisy,108.49300880372863,103.41463414634147,5.078374657387158,0.1945943022981305,1931.0,2095.0,1025.0,1060.0,1.0491069247530362
180,between_50_and_70,3,kortikoidy,111.49813382460165,109.33522133216023,2.1629124924414214,6.196276243899369e-45,2919992.8125,3255737.49375,1469037.8125,1606175.74375,1.0197823946033868
180,between_50_and_70,3,imunosupresivy,105.1945131549359,101.18453865336659,4.009974501569317,0.17663567760620003,4447.0,4678.0,1604.0,1623.0,1.039630308690802
365,between_50_and_70,1,predpisy,105.87930717709743,113.8624276781018,-7.983120501004365,0.9999999994800244,59871.0,63391.0,17111.0,19483.0,0.9298880178141531
365,between_50_and_70,1,prvopredpisy,91.58769742310889,103.60272638753652,-12.015028964427628,0.9996997278257034,6015.0,5509.0,2054.0,2128.0,0.8840278689241807
365,between_50_and_70,1,kortikoidy,105.35484670107903,119.5147508865904,-14.15990418551138,1.0,7673116.01875,8083999.61875,2586286.28125,3090993.60625,0.8815217027147724
365,between_50_and_70,1,imunosupresivy,105.83357721197932,115.79885877318117,-9.965281561201849,0.9990155724266591,10251.0,10849.0,2804.0,3247.0,0.9139431798656915
365,between_50_and_70,2,predpisy,106.88534077755838,112.95208477309376,-6.066743995535376,0.9999983230567755,58748.0,62793.0,17364.0,19613.0,0.9462892251371661
365,between_50_and_70,2,prvopredpisy,92.78028462339466,102.12457749879285,-9.344292875398182,0.9961304777416594,5762.0,5346.0,2071.0,2115.0,0.9085010376125312
365,between_50_and_70,2,kortikoidy,107.79833975466246,117.41706625493234,-9.618726500269872,1.0,7442843.51875,8023261.74375,2662558.375,3126297.93125,0.9180806776470979
365,between_50_and_70,2,imunosupresivy,106.40031412584668,115.20447396015379,-8.804159834307114,0.997049673857234,10187.0,10839.0,2861.0,3296.0,0.9235779693994155
365,between_50_and_70,3,predpisy,106.30673476561692,110.85950683141907,-4.552772065802145,0.9997718449685844,48361.0,51411.0,18371.0,20366.0,0.9589320555725958
365,between_50_and_70,3,prvopredpisy,94.24071462153267,93.43647444913267,0.8042401724000001,0.41857442549049434,4254.0,4009.0,2133.0,1993.0,1.0086073471536838
365,between_50_and_70,3,kortikoidy,105.47110939764633,106.59315887583458,-1.122049478188245,1.0,6234557.29375,6575656.74375,2958521.4375,3153581.45625,0.989473531978771
365,between_50_and_70,3,imunosupresivy,108.92897406989854,110.43705153294195,-1.5080774630434064,0.6877346395661372,8870.0,9662.0,3066.0,3386.0,0.9863444610109537
30,less_than_12,1,predpisy,125.0,93.75,31.25,0.36094840001775674,8.0,10.0,224.0,210.0,1.3333333333333333
30,less_than_12,1,prvopredpisy,50.0,80.48780487804879,-30.48780487804879,0.8309219413827571,4.0,2.0,82.0,66.0,0.6212121212121212
30,less_than_12,1,kortikoidy,218.00000000000003,94.60550701615038,123.39449298384964,1.3693048880971525e-217,2000.0,4360.0,75540.0,71465.0,2.304305604141888
30,less_than_12,1,imunosupresivy,0.0,137.93103448275863,-137.93103448275863,1.0,3.0,0.0,29.0,40.0,0.0
30,less_than_12,2,predpisy,171.42857142857142,149.68944099378882,21.739130434782595,0.4903895757233383,7.0,12.0,161.0,241.0,1.1452282157676348
30,less_than_12,2,prvopredpisy,150.0,204.44444444444443,-54.44444444444443,0.7971787559891724,2.0,3.0,45.0,92.0,0.7336956521739131
30,less_than_12,2,kortikoidy,222.68518518518516,193.83065785332073,28.854527331864432,7.153420346774966e-8,2160.0,4810.0,47655.0,92370.0,1.1488646205477968
30,less_than_12,2,imunosupresivy,200.0,118.5185185185185,81.4814814814815,0.5735589635113696,1.0,2.0,27.0,32.0,1.6875
30,less_than_12,3,predpisy,NaN,133.91608391608392,NaN,1.0,0.0,0.0,286.0,383.0,NaN
30,less_than_12,3,prvopredpisy,NaN,145.65217391304347,NaN,1.0,0.0,0.0,92.0,134.0,NaN
30,less_than_12,3,kortikoidy,NaN,134.5243605359318,NaN,1.0,0.0,0.0,102625.0,138055.625,NaN
30,less_than_12,3,imunosupresivy,NaN,90.2439024390244,NaN,1.0,0.0,0.0,41.0,37.0,NaN
60,less_than_12,1,predpisy,117.64705882352942,80.85539714867616,36.79166167485326,0.1707423192170074,17.0,20.0,491.0,397.0,1.4550303748703513
60,less_than_12,1,prvopredpisy,55.55555555555556,85.71428571428571,-30.15873015873015,0.8511374015366657,9.0,5.0,161.0,138.0,0.6481481481481483
60,less_than_12,1,kortikoidy,153.86138613861385,85.3978645944871,68.46352154412675,1.022053888161432e-229,5050.0,7770.0,163435.0,139570.0,1.801700626464452
60,less_than_12,1,imunosupresivy,66.66666666666666,85.91549295774648,-19.248826291079823,0.7628317925412148,3.0,2.0,71.0,61.0,0.7759562841530054
60,less_than_12,2,predpisy,178.57142857142858,121.73913043478262,56.83229813664596,0.16718841109130708,14.0,25.0,391.0,476.0,1.4668367346938775
60,less_than_12,2,prvopredpisy,83.33333333333334,123.48484848484848,-40.15151515151514,0.8288579424266624,6.0,5.0,132.0,163.0,0.6748466257668712
60,less_than_12,2,kortikoidy,204.5673076923077,135.23947945943863,69.32782823286908,1.8252138940062599e-106,4160.0,8510.0,129865.0,175628.75,1.5126301026148363
60,less_than_12,2,imunosupresivy,200.0,117.85714285714286,82.14285714285714,0.35493479213382684,3.0,6.0,56.0,66.0,1.696969696969697
60,less_than_12,3,predpisy,NaN,117.81970649895179,NaN,0.5413461538461538,0.0,1.0,477.0,562.0,NaN
60,less_than_12,3,prvopredpisy,NaN,125.97402597402598,NaN,0.5587392550143266,0.0,1.0,154.0,194.0,NaN
60,less_than_12,3,kortikoidy,NaN,123.0656329388438,NaN,5.753599096819113e-104,0.0,400.0,161390.0,198615.625,NaN
60,less_than_12,3,imunosupresivy,NaN,87.32394366197182,NaN,1.0,0.0,0.0,71.0,62.0,NaN
90,less_than_12,1,predpisy,120.58823529411764,79.80997624703087,40.77825904708676,0.052067870197090284,34.0,41.0,842.0,672.0,1.5109418767507001
90,less_than_12,1,prvopredpisy,55.55555555555556,81.65467625899281,-26.09912070343725,0.8761157794113502,18.0,10.0,278.0,227.0,0.680372001957905
90,less_than_12,1,kortikoidy,108.03088803088802,82.35351486307249,25.67737316781553,9.727452293351138e-105,12950.0,13990.0,288382.5,237493.125,1.3117945021594863
90,less_than_12,1,imunosupresivy,150.0,87.03703703703704,62.96296296296296,0.30534360622289264,4.0,6.0,108.0,94.0,1.7234042553191489
90,less_than_12,2,predpisy,124.13793103448276,111.07871720116617,13.05921383331659,0.37948864649006725,29.0,36.0,686.0,762.0,1.1175672006516428
90,less_than_12,2,prvopredpisy,50.0,115.31531531531532,-65.31531531531532,0.9799201066833105,14.0,7.0,222.0,256.0,0.43359375
90,less_than_12,2,kortikoidy,122.50242483026187,117.83309843885516,4.669326391406713,0.0021304361570807736,10310.0,12630.0,230600.0,271723.125,1.0396266113109949
90,less_than_12,2,imunosupresivy,200.0,95.91836734693877,104.08163265306123,0.2439496378377608,3.0,6.0,98.0,94.0,2.0851063829787235
90,less_than_12,3,predpisy,NaN,111.03253182461104,NaN,0.5264567983924984,0.0,1.0,707.0,785.0,NaN
90,less_than_12,3,prvopredpisy,NaN,122.12389380530972,NaN,0.5506958250497018,0.0,1.0,226.0,276.0,NaN
90,less_than_12,3,kortikoidy,NaN,120.28701699492082,NaN,8.872901318532226e-106,0.0,400.0,233305.0,280635.625,NaN
90,less_than_12,3,imunosupresivy,NaN,88.57142857142857,NaN,1.0,0.0,0.0,105.0,93.0,NaN
180,less_than_12,1,predpisy,108.57142857142857,93.44827586206897,15.123152709359601,0.21223046959844305,70.0,76.0,1450.0,1355.0,1.161834475487612
180,less_than_12,1,prvopredpisy,57.57575757575758,91.44050104384134,-33.86474346808376,0.9581971360980622,33.0,19.0,479.0,438.0,0.6296526912965269
180,less_than_12,1,kortikoidy,118.15538014125468,91.49303596886186,26.66234417239282,1.4330892992231637e-178,24070.0,28440.0,487505.0,446033.125,1.2914139189945224
180,less_than_12,1,imunosupresivy,120.0,101.49999999999999,18.500000000000014,0.4360684897279248,10.0,12.0,200.0,203.0,1.1822660098522169
180,less_than_12,2,predpisy,103.2258064516129,97.54213483146067,5.683671620152225,0.4129072132279704,62.0,64.0,1424.0,1389.0,1.0582688868761467
180,less_than_12,2,prvopredpisy,51.85185185185185,98.28693790149893,-46.43508604964708,0.9825755629584187,27.0,14.0,467.0,459.0,0.5275558783184056
180,less_than_12,2,kortikoidy,106.51077487391105,95.82986114727971,10.680913726631331,3.4324357859946946e-28,21810.0,23230.0,480005.0,459988.125,1.1114570510565174
180,less_than_12,2,imunosupresivy,150.0,102.49999999999999,47.500000000000014,0.2783730485345647,8.0,12.0,200.0,205.0,1.4634146341463417
180,less_than_12,3,predpisy,NaN,112.37942122186494,NaN,0.5293227393113886,0.0,1.0,1244.0,1398.0,NaN
180,less_than_12,3,prvopredpisy,NaN,111.16625310173698,NaN,0.5269953051643192,0.0,1.0,403.0,448.0,NaN
180,less_than_12,3,kortikoidy,NaN,123.89008,NaN,1.708853606373091e-103,0.0,400.0,390625.0,483945.625,NaN
180,less_than_12,3,imunosupresivy,NaN,81.94444444444444,NaN,1.0,0.0,0.0,216.0,177.0,NaN
365,less_than_12,1,predpisy,133.6283185840708,114.6694214876033,18.958897096467496,0.12740929733114456,113.0,151.0,2420.0,2775.0,1.165335246751176
365,less_than_12,1,prvopredpisy,77.35849056603774,119.2156862745098,-41.85719570847206,0.9838664770314565,53.0,41.0,765.0,912.0,0.648895233366435
365,less_than_12,1,kortikoidy,143.16969050160085,119.44700373442004,23.722686767180818,4.0079936771726876e-153,37480.0,53660.0,764643.5,913343.75,1.1986042849590948
365,less_than_12,1,imunosupresivy,173.33333333333334,95.84295612009238,77.49037721324096,0.04892825502214723,15.0,26.0,433.0,415.0,1.8085140562248996
365,less_than_12,2,predpisy,117.64705882352942,114.822376480196,2.8246823433334214,0.4575507500874458,102.0,120.0,2449.0,2812.0,1.024600451845034
365,less_than_12,2,prvopredpisy,69.76744186046511,120.95730918499352,-51.18986732452841,0.9920019611807895,43.0,30.0,773.0,935.0,0.5767939311030967
365,less_than_12,2,kortikoidy,123.58462892343796,120.02044530928124,3.5641836141567182,0.000042744294734322685,34090.0,42130.0,775483.5,930738.75,1.0296964705052722
365,less_than_12,2,imunosupresivy,173.33333333333334,96.2877030162413,77.04563031709205,0.050425640278257626,15.0,26.0,431.0,415.0,1.8001606425702812
365,less_than_12,3,predpisy,100.0,90.44901065449011,9.55098934550989,0.7243566557758012,1.0,1.0,2628.0,2377.0,1.1055952881783762
365,less_than_12,3,prvopredpisy,NaN,82.8505214368482,NaN,0.45345155161494616,0.0,1.0,863.0,715.0,NaN
365,less_than_12,3,kortikoidy,66.66666666666666,92.56657683714774,-25.89991017048108,0.9999998760755822,600.0,400.0,854628.125,791100.0,0.7202023553701596
365,less_than_12,3,imunosupresivy,NaN,88.78048780487805,NaN,1.0,0.0,0.0,410.0,364.0,NaN
30,more_than_70,1,predpisy,98.03414381789963,104.21052631578947,-6.176382497889833,0.7925360741373796,1933.0,1895.0,380.0,396.0,0.9407316831010571
30,more_than_70,1,prvopredpisy,113.20754716981132,146.15384615384613,-32.94629898403481,0.8491111950208808,106.0,120.0,26.0,38.0,0.7745779543197617
30,more_than_70,1,kortikoidy,96.39136185130748,94.64333333333333,1.7480285179741486,0.0011024227105525994,246204.375,237319.75,75000.0,70982.5,1.0184696423552368
30,more_than_70,1,imunosupresivy,102.55102040816327,97.36842105263158,5.182599355531693,0.4680367476352459,196.0,201.0,38.0,37.0,1.0532266960838388
30,more_than_70,2,predpisy,114.39024390243901,114.72081218274113,-0.33056828030211705,0.5301207500979699,1230.0,1407.0,394.0,452.0,0.9971184977336497
30,more_than_70,2,prvopredpisy,118.84057971014492,79.48717948717949,39.35340022296543,0.10717982956880742,69.0,82.0,39.0,31.0,1.4950911640953717
30,more_than_70,2,kortikoidy,118.42188053334213,100.46617132242623,17.9557092109159,6.8564737395265e-147,151778.75,179739.25,69985.0,70311.25,1.178723932390044
30,more_than_70,2,imunosupresivy,111.76470588235294,123.6842105263158,-11.919504643962853,0.7022965255636986,136.0,152.0,38.0,47.0,0.9036295369211514
30,more_than_70,3,predpisy,88.47299021692898,80.96280087527352,7.510189341655462,0.1297584345869771,2351.0,2080.0,457.0,370.0,1.0927609872739605
30,more_than_70,3,prvopredpisy,75.75757575757575,102.7027027027027,-26.945126945126944,0.9037857540047477,165.0,125.0,37.0,38.0,0.7376395534290271
30,more_than_70,3,kortikoidy,98.16394297943086,107.15978979825273,-8.995846818821875,1.0,282705.0,277514.375,75403.75,80802.5,0.9160520300034355
30,more_than_70,3,imunosupresivy,105.88235294117648,92.6829268292683,13.199426111908181,0.3332185569842731,255.0,270.0,41.0,38.0,1.1424148606811144
60,more_than_70,1,predpisy,110.0430802369413,115.9379407616361,-5.894860524694806,0.831255056336689,3714.0,4087.0,709.0,822.0,0.949155035133715
60,more_than_70,1,prvopredpisy,123.44497607655502,119.64285714285714,3.8021189336978836,0.478549180814322,209.0,258.0,56.0,67.0,1.03177890452046
60,more_than_70,1,kortikoidy,106.21491647325354,101.70048906627692,4.514427406976623,8.412737571683554e-24,482397.875,512378.5,133417.5,135686.25,1.0443894365545738
60,more_than_70,1,imunosupresivy,97.05882352941177,112.67605633802818,-15.617232808616407,0.8235428333776672,408.0,396.0,71.0,80.0,0.8613970588235293
60,more_than_70,2,predpisy,118.7905844155844,116.1764705882353,2.614113827349101,0.3582541684195572,2464.0,2927.0,748.0,869.0,1.0225012329442709
60,more_than_70,2,prvopredpisy,141.98473282442748,104.83870967741935,37.14602314700814,0.09135537492004714,131.0,186.0,62.0,65.0,1.354315913094539
60,more_than_70,2,kortikoidy,107.80757841158126,92.89571483407195,14.911863577509308,5.383247124981168e-237,318272.5,343121.875,143285.0,133105.625,1.1605226204905632
60,more_than_70,2,imunosupresivy,110.71428571428572,115.27777777777777,-4.563492063492049,0.6227370565824749,280.0,310.0,72.0,83.0,0.9604130808950088
60,more_than_70,3,predpisy,88.12994585589338,89.88235294117646,-1.7524070852830818,0.6521543841195455,4802.0,4232.0,850.0,764.0,0.9805033243129498
60,more_than_70,3,prvopredpisy,82.01892744479495,113.04347826086956,-31.02455081607461,0.9661542381451894,317.0,260.0,69.0,78.0,0.7255520504731862
60,more_than_70,3,kortikoidy,93.8937215135901,118.4245806727112,-24.530859159121107,1.0,581637.0,546120.625,125871.25,149062.5,0.7928566939416337
60,more_than_70,3,imunosupresivy,94.77911646586345,98.78048780487805,-4.001371339014597,0.6290087691411919,498.0,472.0,82.0,81.0,0.9594922901482473
90,more_than_70,1,predpisy,120.89188682780589,130.60165975103735,-9.709772923231455,0.9536631932881859,5337.0,6452.0,964.0,1259.0,0.9256535258300626
90,more_than_70,1,prvopredpisy,136.42172523961662,118.82352941176471,17.59819582785191,0.22488514657039663,313.0,427.0,85.0,101.0,1.1481036282541992
90,more_than_70,1,kortikoidy,115.30189252739613,119.90448216161826,-4.602589634222127,1.0,690651.825,796334.625,168947.5,202575.625,0.9616145322406018
90,more_than_70,1,imunosupresivy,105.12820512820514,120.2020202020202,-15.073815073815055,0.8366391906912687,585.0,615.0,99.0,119.0,0.8745959922430511
90,more_than_70,2,predpisy,121.11234089651354,117.31843575418995,3.793905142323595,0.2576573019406876,3614.0,4377.0,1074.0,1260.0,1.0323385247845678
90,more_than_70,2,prvopredpisy,148.73096446700507,109.6774193548387,39.05354511216636,0.04442578371930441,197.0,293.0,93.0,102.0,1.3560764407285757
90,more_than_70,2,kortikoidy,111.3208307556266,96.33305579734827,14.987774958278337,0.0,470217.7,523450.25,198172.5,190905.625,1.1555828872470055
90,more_than_70,2,imunosupresivy,103.07328605200945,108.41121495327101,-5.337928901261563,0.6592955565862219,423.0,436.0,107.0,116.0,0.950762207548708
90,more_than_70,3,predpisy,91.25188536953243,98.3726606997559,-7.120775330223466,0.958457644658821,7293.0,6655.0,1229.0,1209.0,0.9276142855182411
90,more_than_70,3,prvopredpisy,89.50749464668094,107.76699029126213,-18.259495644581193,0.9022507907462781,467.0,418.0,103.0,111.0,0.8305650404151474
90,more_than_70,3,kortikoidy,93.77375226921579,125.6793261804656,-31.905573911249803,1.0,892447.625,836881.625,180463.75,226805.625,0.7461350654805714
90,more_than_70,3,imunosupresivy,99.86648865153538,113.27433628318585,-13.407847631650469,0.8354151262930907,749.0,748.0,113.0,128.0,0.8816338451268357
180,more_than_70,1,predpisy,113.91398626671486,119.4672131147541,-5.553226848039245,0.9257990365379303,11068.0,12608.0,1952.0,2332.0,0.9535167289563782
180,more_than_70,1,prvopredpisy,123.61308677098151,121.33333333333334,2.279753437648168,0.4625664006228816,703.0,869.0,150.0,182.0,1.0187891766839134
180,more_than_70,1,kortikoidy,108.5567652311209,112.46432141345211,-3.9075561823312057,1.0,1435426.2,1558252.25,325387.75,365945.125,0.9652551481819209
180,more_than_70,1,imunosupresivy,99.51140065146579,107.61904761904762,-8.107646967581829,0.7896061196132698,1228.0,1222.0,210.0,226.0,0.924663457380877
180,more_than_70,2,predpisy,115.95567867036011,120.09155645981689,-4.135877789456771,0.849235435860831,7220.0,8372.0,1966.0,2361.0,0.9655606279793647
180,more_than_70,2,prvopredpisy,134.19811320754718,120.64516129032259,13.55295191722459,0.21730856271764842,424.0,569.0,155.0,187.0,1.1123373019876903
180,more_than_70,2,kortikoidy,108.32824960175999,104.07751801214316,4.250731589616834,5.62997158422084e-47,942098.325,1020558.625,341488.375,355412.625,1.0408419769303192
180,more_than_70,2,imunosupresivy,101.07655502392345,108.37438423645321,-7.297829212529763,0.7563877998885049,836.0,845.0,203.0,220.0,0.93266093953893
180,more_than_70,3,predpisy,102.00349040139616,110.06914433880726,-8.0656539374111,0.9932187571822216,14325.0,14612.0,2314.0,2547.0,0.9267219347814319
180,more_than_70,3,prvopredpisy,93.14641744548287,116.75675675675676,-23.61033931127389,0.9823229073351589,963.0,897.0,185.0,216.0,0.7977818160839967
180,more_than_70,3,kortikoidy,103.82573008473996,125.03528050352335,-21.209550418783394,1.0,1762111.375,1829525.0,345445.75,431929.0625,0.8303714732884074
180,more_than_70,3,imunosupresivy,103.60054347826086,114.6788990825688,-11.078355604307944,0.8576846317042095,1472.0,1525.0,218.0,250.0,0.9033967391304347
365,more_than_70,1,predpisy,112.85569329862797,129.65425531914894,-16.798562020520976,0.9999999983551967,22667.0,25581.0,3760.0,4875.0,0.8704357062622383
365,more_than_70,1,prvopredpisy,105.13320337881741,129.24528301886792,-24.11207964005051,0.9944943159687899,1539.0,1618.0,318.0,411.0,0.8134393838069085
365,more_than_70,1,kortikoidy,112.91354305654535,130.83487261456247,-17.92132955801712,1.0,2851511.575,3219742.75,604042.75,790298.5625,0.8630232964661259
365,more_than_70,1,imunosupresivy,105.37856847331402,116.79012345679011,-11.411554983476094,0.9247778534794373,2417.0,2547.0,405.0,473.0,0.9022900683233018
365,more_than_70,2,predpisy,110.27293653403486,125.5902513328256,-15.317314798790747,0.9999999689973657,15205.0,16767.0,3939.0,4947.0,0.8780373903528669
365,more_than_70,2,prvopredpisy,103.04219823356232,119.5845697329377,-16.542371499375378,0.9622232021757209,1019.0,1050.0,337.0,403.0,0.8616680100424441
365,more_than_70,2,kortikoidy,108.85138521250153,123.83840431079847,-14.98701909829694,1.0,1936664.95,2108086.625,637097.75,788971.6875,0.8789792295717581
365,more_than_70,2,imunosupresivy,103.69267421083978,116.62650602409639,-12.933831813256603,0.9455148707224562,1679.0,1741.0,415.0,484.0,0.8891004090392254
365,more_than_70,3,predpisy,106.44818423383526,113.96259243149196,-7.514408197656692,0.9991418136310831,28225.0,30045.0,4598.0,5240.0,0.9340625021129284
365,more_than_70,3,prvopredpisy,99.13513513513513,113.78378378378378,-14.648648648648646,0.963737368572278,1850.0,1834.0,370.0,421.0,0.8712589073634205
365,more_than_70,3,kortikoidy,106.36834933318666,115.13123365679347,-8.762884323606812,1.0,3607954.95,3837722.125,726171.375,836050.0625,0.9238878621788333
365,more_than_70,3,imunosupresivy,105.5407209612817,117.9372197309417,-12.396498769659999,0.9494766178933077,2996.0,3162.0,446.0,526.0,0.8948890028275978
